Mark Story <mark@mark-story.com>
Mark Story <mark@mark-story.com> <mark@freshbooks.com>
José Lorenzo Rodríguez <jose.zap@gmail.com>
José Lorenzo Rodríguez <jose.zap@gmail.com> <lorenzo@users.noreply.github.com>
José Lorenzo Rodríguez <jose.zap@gmail.com> José Lorenzo Rodríguez Urdaneta <lorenzo@Venus-2.local>
ADmad <admad.coder@gmail.com> <ADmad@users.noreply.github.com>
Mathew Foscarini <mathew@thinkingmedia.ca>
Mathew Foscarini <mathew@thinkingmedia.ca> <thinkingmedia@users.noreply.github.com>
Ceeram <c33ram@gmail.com>
Ceeram <c33ram@gmail.com> <mayl@planet.nl>
Walther Lalk <emailme@waltherlalk.com>
Walther Lalk <emailme@waltherlalk.com> <walther@octoplus.co.za>
Walther Lalk <emailme@waltherlalk.com> <waltherlalk@gmail.com>
Walther Lalk <emailme@waltherlalk.com> <dakota@users.noreply.github.com>
Walther Lalk <emailme@waltherlalk.com> <walther@uafrica.com>
Mark Scherer <euromark@web.de>
Mark Scherer <euromark@web.de> euromark <euromark@web.de>
Mark Scherer <euromark@web.de> Mark Sch <dereuromark@users.noreply.github.com>
Mark Scherer <euromark@web.de> Mark S <dereuromark@users.noreply.github.com>
Mark Scherer <euromark@web.de> Mark S. <euromark@web.de>
Mark Scherer <euromark@web.de> mscherer <mark.scherer@spryker.com>
Mark Scherer <euromark@web.de> mark <mark.scherer@spryker.com>
Mark Scherer <euromark@web.de> Mark S. <dereuromark@users.noreply.github.com>
phpnut <phpnut@cakephp.org>
phpnut <phpnut@cakephp.org> Larry E. Masters <phpnut@cakephp.org>
AD7six <andydawson76@gmail.com>
AD7six <andydawson76@gmail.com> Andy Dawson <andydawson76@gmail.com>
predominant <graham@grahamweldon.com>
predominant <graham@grahamweldon.com> Graham Weldon <graham@grahamweldon.com>
antograssiot <antograssiot@free.fr>
antograssiot <antograssiot@free.fr> Anthony GRASSIOT <antograssiot@free.fr>
antograssiot <antograssiot@free.fr> Anto <antograssiot@free.fr>
Florian Krämer <florian.kraemer@cakedc.com>
Florian Krämer <florian.kraemer@cakedc.com> burzum <florian.kraemer@cakedc.com>
Florian Krämer <florian.kraemer@cakedc.com> Florian Krämer <florian.kraemer@cakedc.com>
Rachman Chavik <rchavik@xintesa.com>
Rachman Chavik <rchavik@xintesa.com> rchavik <rchavik@xintesa.com>
jperras <joel.perras@gmail.com>
jperras <joel.perras@gmail.com> Joël Perras <joel.perras@gmail.com>
renan.saddam <renan.saddam@gmail.com>
renan.saddam <renan.saddam@gmail.com> Renan Gonçalves <renan.saddam@gmail.com>
renan.saddam <renan.saddam@gmail.com> Renan Gonçalves <renan.saddam@gmail.com>
renan.saddam <renan.saddam@gmail.com> Renan Gonçalves aka renan.saddam <renan.saddam@gmail.com>
Ber Clausen <crashcookie@gmail.com>
Ber Clausen <crashcookie@gmail.com> ber clausen <crashcookie@gmail.com>
Marc Würth <ravage@bluewin.ch>
Marc Würth <ravage@bluewin.ch> ravage84 <ravage@bluewin.ch>
Marc Würth <ravage@bluewin.ch> Ravage84 <ravage@bluewin.ch>
Jad Bitar <jadbitar@mac.com>
Jad Bitar <jadbitar@mac.com> jadb <jadbitar@mac.com>
Jad Bitar <jadbitar@mac.com> Jad BITAR <jadbitar@mac.com>
Yves P <havokinspiration@gmail.com>
Yves P <havokinspiration@gmail.com> Yves <havokinspiration@gmail.com>
Yves P <havokinspiration@gmail.com> Yves P. <havokinspiration@gmail.com>
dogmatic69 <dogmatic69@gmail.com>
dogmatic69 <dogmatic69@gmail.com> dogmatic <dogmatic69@gmail.com>
dogmatic69 <dogmatic69@gmail.com> Carl Sutton <dogmatic69@gmail.com>
Majna <majnaggz@gmail.com>
Majna <majnaggz@gmail.com> Ivan Majnaric <majnaggz@gmail.com>
Robert <robert.pustulka@gmail.com>
Robert <robert.pustulka@gmail.com> Robert Pustułka <robert.pustulka@gmail.com>
Thomas Ploch <t.ploch@reizwerk.com>
Thomas Ploch <t.ploch@reizwerk.com> tPl0ch <t.ploch@reizwerk.com>
Tigran Gabrielyan <tigrangab@gmail.com>
Tigran Gabrielyan <tigrangab@gmail.com> tigrang <tigrangab@gmail.com>
Bryan Crowe <bryan@zapsolutions.com>
Bryan Crowe <bryan@zapsolutions.com> bcrowe <bryan@zapsolutions.com>
Phally <info@frankdegraaf.net>
Phally <info@frankdegraaf.net> Frank de Graaf <info@frankdegraaf.net>
Sam <sgpinkus@gmail.com>
Sam <sgpinkus@gmail.com> sam-at-github <sgpinkus@gmail.com>
Jorge González <steinkel@gmail.com>
Jorge González <steinkel@gmail.com> Jorge M. González Martín <steinkel@gmail.com>
Saleh Souzanchi <saleh.souzanchi@gmail.com>
Saleh Souzanchi <saleh.souzanchi@gmail.com> zoghal <saleh.souzanchi@gmail.com>
Yevgeny Tomenko <skie@mail.ru>
Yevgeny Tomenko <skie@mail.ru> SkieDr <skie@mail.ru>
Ricardo Arturo Cabral <ricardo.arturo.cabral@gmail.com>
Ricardo Arturo Cabral <ricardo.arturo.cabral@gmail.com> Cameri <ricardo.arturo.cabral@gmail.com>
Robert <r.pustulka@zano.pl>
Robert <r.pustulka@zano.pl> Robert Pustułka <r.pustulka@zano.pl>
Jonas <jh@ht-studios.de>
Jonas <jh@ht-studios.de> ionas <jh@ht-studios.de>
Jonas <jh@ht-studios.de> Jonas Hartmann <jh@ht-studios.de>
Cauan Cabral <cauan@radig.com.br>
Cauan Cabral <cauan@radig.com.br> CauanCabral <cauan@radig.com.br>
pirouet <pirouet@me.com>
pirouet <pirouet@me.com> Michael Pirouet <pirouet@me.com>
davidsteinsland <david@davidsteinsland.net>
davidsteinsland <david@davidsteinsland.net> David Steinsland <david@davidsteinsland.net>
jamiemill <jamiermill@gmail.com>
jamiemill <jamiermill@gmail.com> Jamie Mill <jamiermill@gmail.com>
Stefan Dickmann <stefan@php-engineer.de>
Stefan Dickmann <stefan@php-engineer.de> Stefan D <stefan@php-engineer.de>
Benjamin Tamási <h@lfto.me>
Benjamin Tamási <h@lfto.me> Tamási Benjamin <h@lfto.me>
Gordon Pettey (petteyg) <petteyg359@gmail.com>
Gordon Pettey (petteyg) <petteyg359@gmail.com> Gordon Pettey <petteyg359@gmail.com>
Mathieu de Ruiter <mathieu@fellicht.nl>
Mathieu de Ruiter <mathieu@fellicht.nl> Mathieu <mathieu@fellicht.nl>
Cees-Jan Kiewiet <ceesjank@gmail.com>
Cees-Jan Kiewiet <ceesjank@gmail.com> wyrihaximus <ceesjank@gmail.com>
Fiblan <fib@ingegnosamente.com>
Fiblan <fib@ingegnosamente.com> fiblan <fib@ingegnosamente.com>
Haithem BEN GHORBAL <haithem.benghorbal@gmail.com>
Haithem BEN GHORBAL <haithem.benghorbal@gmail.com> Haithem Ben Ghorbal <haithem.benghorbal@gmail.com>
Pedro Perejón <pperejon@proavan.com>
Pedro Perejón <pperejon@proavan.com> Pedro Perejon <pperejon@proavan.com>
Algirdas Gurevicius <a.gurevicius@gmail.com>
Algirdas Gurevicius <a.gurevicius@gmail.com> uniquexor <a.gurevicius@gmail.com>
Calin <calinseciu@gmail.com>
Calin <calinseciu@gmail.com> calinseciu <calinseciu@gmail.com>
Mikaël Capelle <capelle.mikael@gmail.com>
Mikaël Capelle <capelle.mikael@gmail.com> mcapelle <capelle.mikael@gmail.com>
Mikaël Capelle <capelle.mikael@gmail.com> Holt59 <capelle.mikael@gmail.com>
OKINAKA Kenshin <okinakak@yahoo.co.jp>
OKINAKA Kenshin <okinakak@yahoo.co.jp> Kenshin Okinaka <okinakak@yahoo.co.jp>
OKINAKA Kenshin <okinakak@yahoo.co.jp> okinaka <okinakak@yahoo.co.jp>
Walter Nasich <wnasich@gmail.com>
Walter Nasich <wnasich@gmail.com> wnasich <wnasich@gmail.com>
mstra001 <ms@creemedia.com>
mstra001 <ms@creemedia.com> mathieu strauch <ms@creemedia.com>
Aymeric Derbois <aymeric@derbois.com>
Aymeric Derbois <aymeric@derbois.com> Derbois Aymeric <aymeric@derbois.com>
Daniel <wrightdaniel86@gmail.com>
Daniel <wrightdaniel86@gmail.com> dangerdan <wrightdaniel86@gmail.com>
James Michael DuPont <JamesMikeDuPont@gmail.com>
James Michael DuPont <JamesMikeDuPont@gmail.com> James Michael DuPont <jamesmikedupont@gmail.com>
Jan Dorsman <oldskool@fluxbb.org>
Jan Dorsman <oldskool@fluxbb.org> oldskool <oldskool@fluxbb.org>
Pierre Martin <contact@pierre-martin.fr>
Pierre Martin <contact@pierre-martin.fr> real34 <contact@pierre-martin.fr>
